INSERT INTO profiles (id, username, created_at) VALUES
('a0000000-0000-0000-0000-000000000001', 'alice', CURRENT_TIMESTAMP - INTERVAL '30 days'),
('a0000000-0000-0000-0000-000000000002', 'bob', CURRENT_TIMESTAMP - INTERVAL '25 days'),
('a0000000-0000-0000-0000-000000000003', 'carol', CURRENT_TIMESTAMP - INTERVAL '20 days'),
('a0000000-0000-0000-0000-000000000004', 'dave', CURRENT_TIMESTAMP - INTERVAL '15 days'),
('a0000000-0000-0000-0000-000000000005', 'eve', CURRENT_TIMESTAMP - INTERVAL '10 days')

;

INSERT INTO chats (id, created_by, title, created_at) VALUES
('b0000000-0000-0000-0000-000000000001', 'a0000000-0000-0000-0000-000000000001', 'General', CURRENT_TIMESTAMP - INTERVAL '28 days'),
('b0000000-0000-0000-0000-000000000002', 'a0000000-0000-0000-0000-000000000001', 'Project', CURRENT_TIMESTAMP - INTERVAL '20 days'),
('b0000000-0000-0000-0000-000000000003', 'a0000000-0000-0000-0000-000000000002', 'Random', CURRENT_TIMESTAMP - INTERVAL '15 days')

;

INSERT INTO messages (id, chat_id, sender_id, is_ai, content, created_at) VALUES
('c0000000-0000-0000-0000-000000000001', 'b0000000-0000-0000-0000-000000000001', 'a0000000-0000-0000-0000-000000000001', false, 'Hello everyone', CURRENT_TIMESTAMP - INTERVAL '28 days'),
('c0000000-0000-0000-0000-000000000002', 'b0000000-0000-0000-0000-000000000001', 'a0000000-0000-0000-0000-000000000001', true, 'Hi there!', CURRENT_TIMESTAMP - INTERVAL '28 days' + INTERVAL '1 minute'),
('c0000000-0000-0000-0000-000000000003', 'b0000000-0000-0000-0000-000000000001', 'a0000000-0000-0000-0000-000000000002', false, 'Hello', CURRENT_TIMESTAMP - INTERVAL '27 days'),
('c0000000-0000-0000-0000-000000000004', 'b0000000-0000-0000-0000-000000000001', 'a0000000-0000-0000-0000-000000000001', true, 'How can I help?', CURRENT_TIMESTAMP - INTERVAL '27 days' + INTERVAL '2 minutes'),
('c0000000-0000-0000-0000-000000000005', 'b0000000-0000-0000-0000-000000000002', 'a0000000-0000-0000-0000-000000000001', false, 'Project update', CURRENT_TIMESTAMP - INTERVAL '19 days'),
('c0000000-0000-0000-0000-000000000006', 'b0000000-0000-0000-0000-000000000002', 'a0000000-0000-0000-0000-000000000001', true, 'Noted', CURRENT_TIMESTAMP - INTERVAL '19 days' + INTERVAL '1 minute'),
('c0000000-0000-0000-0000-000000000007', 'b0000000-0000-0000-0000-000000000001', 'a0000000-0000-0000-0000-000000000003', false, 'Hello all', CURRENT_TIMESTAMP - INTERVAL '18 days'),
('c0000000-0000-0000-0000-000000000008', 'b0000000-0000-0000-0000-000000000001', 'a0000000-0000-0000-0000-000000000001', true, 'Welcome!', CURRENT_TIMESTAMP - INTERVAL '18 days' + INTERVAL '30 seconds'),
('c0000000-0000-0000-0000-000000000009', 'b0000000-0000-0000-0000-000000000003', 'a0000000-0000-0000-0000-000000000002', false, 'Random chat', CURRENT_TIMESTAMP - INTERVAL '14 days'),
('c0000000-0000-0000-0000-000000000010', 'b0000000-0000-0000-0000-000000000003', 'a0000000-0000-0000-0000-000000000002', true, 'OK', CURRENT_TIMESTAMP - INTERVAL '14 days' + INTERVAL '1 minute')

;

INSERT INTO chat_participants (chat_id, user_id, joined_at) VALUES
('b0000000-0000-0000-0000-000000000001', 'a0000000-0000-0000-0000-000000000001', CURRENT_TIMESTAMP - INTERVAL '28 days'),
('b0000000-0000-0000-0000-000000000001', 'a0000000-0000-0000-0000-000000000002', CURRENT_TIMESTAMP - INTERVAL '27 days'),
('b0000000-0000-0000-0000-000000000001', 'a0000000-0000-0000-0000-000000000003', CURRENT_TIMESTAMP - INTERVAL '18 days'),
('b0000000-0000-0000-0000-000000000002', 'a0000000-0000-0000-0000-000000000001', CURRENT_TIMESTAMP - INTERVAL '20 days'),
('b0000000-0000-0000-0000-000000000002', 'a0000000-0000-0000-0000-000000000002', CURRENT_TIMESTAMP - INTERVAL '19 days'),
('b0000000-0000-0000-0000-000000000003', 'a0000000-0000-0000-0000-000000000002', CURRENT_TIMESTAMP - INTERVAL '15 days'),
('b0000000-0000-0000-0000-000000000003', 'a0000000-0000-0000-0000-000000000004', CURRENT_TIMESTAMP - INTERVAL '14 days')

;

INSERT INTO friends (id, user_id, friend_id, status, created_at) VALUES
('d0000000-0000-0000-0000-000000000001', 'a0000000-0000-0000-0000-000000000001', 'a0000000-0000-0000-0000-000000000002', 'accepted', CURRENT_TIMESTAMP - INTERVAL '25 days'),
('d0000000-0000-0000-0000-000000000002', 'a0000000-0000-0000-0000-000000000002', 'a0000000-0000-0000-0000-000000000001', 'accepted', CURRENT_TIMESTAMP - INTERVAL '25 days'),
('d0000000-0000-0000-0000-000000000003', 'a0000000-0000-0000-0000-000000000001', 'a0000000-0000-0000-0000-000000000003', 'accepted', CURRENT_TIMESTAMP - INTERVAL '20 days'),
('d0000000-0000-0000-0000-000000000004', 'a0000000-0000-0000-0000-000000000003', 'a0000000-0000-0000-0000-000000000001', 'accepted', CURRENT_TIMESTAMP - INTERVAL '20 days'),
('d0000000-0000-0000-0000-000000000005', 'a0000000-0000-0000-0000-000000000002', 'a0000000-0000-0000-0000-000000000004', 'accepted', CURRENT_TIMESTAMP - INTERVAL '12 days'),
('d0000000-0000-0000-0000-000000000006', 'a0000000-0000-0000-0000-000000000004', 'a0000000-0000-0000-0000-000000000002', 'accepted', CURRENT_TIMESTAMP - INTERVAL '12 days')

;

INSERT INTO notifications (id, user_id, type, created_at, read, seen_at) VALUES
('e0000000-0000-0000-0000-000000000001', 'a0000000-0000-0000-0000-000000000001', 'message', CURRENT_TIMESTAMP - INTERVAL '27 days', true, CURRENT_TIMESTAMP - INTERVAL '26 days'),
('e0000000-0000-0000-0000-000000000002', 'a0000000-0000-0000-0000-000000000002', 'message', CURRENT_TIMESTAMP - INTERVAL '26 days', true, CURRENT_TIMESTAMP - INTERVAL '25 days'),
('e0000000-0000-0000-0000-000000000003', 'a0000000-0000-0000-0000-000000000001', 'friend', CURRENT_TIMESTAMP - INTERVAL '30 days', true, CURRENT_TIMESTAMP - INTERVAL '29 days')

;

INSERT INTO anonymous_chats (id, join_code, created_at, expires_at) VALUES
('0a100000-0000-0000-0000-000000000001', 'ABC123', CURRENT_TIMESTAMP - INTERVAL '10 days', CURRENT_TIMESTAMP + INTERVAL '1 day'),
('0a100000-0000-0000-0000-000000000002', 'XYZ789', CURRENT_TIMESTAMP - INTERVAL '5 days', CURRENT_TIMESTAMP + INTERVAL '1 day')
;

INSERT INTO anonymous_chat_users (guest_id, chat_id) VALUES
('a0000000-0000-0000-0000-000000000001', '0a100000-0000-0000-0000-000000000001'),
('a0000000-0000-0000-0000-000000000002', '0a100000-0000-0000-0000-000000000001'),
('a0000000-0000-0000-0000-000000000002', '0a100000-0000-0000-0000-000000000002')
;

INSERT INTO anonymous_messages (id, chat_id, guest_id, content, created_at) VALUES
('0a200000-0000-0000-0000-000000000001', '0a100000-0000-0000-0000-000000000001', 'a0000000-0000-0000-0000-000000000001', 'Hello', CURRENT_TIMESTAMP - INTERVAL '9 days'),
('0a200000-0000-0000-0000-000000000002', '0a100000-0000-0000-0000-000000000001', 'a0000000-0000-0000-0000-000000000002', 'Hi', CURRENT_TIMESTAMP - INTERVAL '9 days' + INTERVAL '1 minute')
;

INSERT INTO file_attachments (id, chat_id, user_id, file_name, file_type, file_size, created_at) VALUES
('f0000000-0000-0000-0000-000000000001', 'b0000000-0000-0000-0000-000000000001', 'a0000000-0000-0000-0000-000000000001', 'doc.pdf', 'pdf', 1024, CURRENT_TIMESTAMP - INTERVAL '26 days'),
('f0000000-0000-0000-0000-000000000002', 'b0000000-0000-0000-0000-000000000002', 'a0000000-0000-0000-0000-000000000001', 'image.png', 'image', 2048, CURRENT_TIMESTAMP - INTERVAL '18 days')

;

INSERT INTO chat_invitations (id, inviting_user_id, invited_user_id, chat_id, status, created_at) VALUES
('0a300000-0000-0000-0000-000000000001', 'a0000000-0000-0000-0000-000000000001', 'a0000000-0000-0000-0000-000000000002', 'b0000000-0000-0000-0000-000000000001', 'accepted', CURRENT_TIMESTAMP - INTERVAL '27 days'),
('0a300000-0000-0000-0000-000000000002', 'a0000000-0000-0000-0000-000000000001', 'a0000000-0000-0000-0000-000000000003', 'b0000000-0000-0000-0000-000000000001', 'accepted', CURRENT_TIMESTAMP - INTERVAL '18 days');
