-- db-3 Hierarchical - Rebuilt from Data.gov/Census sources
-- Rebuilt: 2026-02-09T22:05:57.412127

INSERT INTO table1 (id, parent_id, name, value, category, date_col) VALUES (1, NULL, 'Allegheny Center', 0.0, 'Cat0', '2024-01-01');
INSERT INTO table1 (id, parent_id, name, value, category, date_col) VALUES (2, NULL, 'Allegheny West', 10.0, 'Cat1', '2024-01-02');
INSERT INTO table1 (id, parent_id, name, value, category, date_col) VALUES (3, NULL, 'Allentown', 20.0, 'Cat2', '2024-01-03');
INSERT INTO table1 (id, parent_id, name, value, category, date_col) VALUES (4, NULL, 'Arlington', 30.0, 'Cat3', '2024-01-04');
INSERT INTO table1 (id, parent_id, name, value, category, date_col) VALUES (5, NULL, 'Arlington Heights', 40.0, 'Cat4', '2024-01-05');
INSERT INTO table1 (id, parent_id, name, value, category, date_col) VALUES (6, NULL, 'Banksville', 50.0, 'Cat0', '2024-01-06');
INSERT INTO table1 (id, parent_id, name, value, category, date_col) VALUES (7, NULL, 'Bedford Dwellings', 60.0, 'Cat1', '2024-01-07');
INSERT INTO table1 (id, parent_id, name, value, category, date_col) VALUES (8, NULL, 'Beechview', 70.0, 'Cat2', '2024-01-08');
INSERT INTO table1 (id, parent_id, name, value, category, date_col) VALUES (9, NULL, 'Beltzhoover', 80.0, 'Cat3', '2024-01-09');
INSERT INTO table1 (id, parent_id, name, value, category, date_col) VALUES (10, NULL, 'Bloomfield', 90.0, 'Cat4', '2024-01-10');
INSERT INTO table1 (id, parent_id, name, value, category, date_col) VALUES (11, 2, 'Bluff', 100.0, 'Cat0', '2024-01-11');
INSERT INTO table1 (id, parent_id, name, value, category, date_col) VALUES (12, 2, 'Bon Air', 110.0, 'Cat1', '2024-01-12');
INSERT INTO table1 (id, parent_id, name, value, category, date_col) VALUES (13, 2, 'Brighton Heights', 120.0, 'Cat2', '2024-01-13');
INSERT INTO table1 (id, parent_id, name, value, category, date_col) VALUES (14, 2, 'Brookline', 130.0, 'Cat3', '2024-01-14');
INSERT INTO table1 (id, parent_id, name, value, category, date_col) VALUES (15, 2, 'California-Kirkbride', 140.0, 'Cat4', '2024-01-15');
INSERT INTO table1 (id, parent_id, name, value, category, date_col) VALUES (16, 2, 'Carrick', 150.0, 'Cat0', '2024-01-16');
INSERT INTO table1 (id, parent_id, name, value, category, date_col) VALUES (17, 2, 'Central Business District', 160.0, 'Cat1', '2024-01-17');
INSERT INTO table1 (id, parent_id, name, value, category, date_col) VALUES (18, 2, 'Central Lawrenceville', 170.0, 'Cat2', '2024-01-18');
INSERT INTO table1 (id, parent_id, name, value, category, date_col) VALUES (19, 2, 'Central Northside', 180.0, 'Cat3', '2024-01-19');
INSERT INTO table1 (id, parent_id, name, value, category, date_col) VALUES (20, 2, 'Central Oakland', 190.0, 'Cat4', '2024-01-20');
INSERT INTO table1 (id, parent_id, name, value, category, date_col) VALUES (21, 3, 'Chartiers City', 200.0, 'Cat0', '2024-01-21');
INSERT INTO table1 (id, parent_id, name, value, category, date_col) VALUES (22, 3, 'Chateau', 210.0, 'Cat1', '2024-01-22');
INSERT INTO table1 (id, parent_id, name, value, category, date_col) VALUES (23, 3, 'Crafton Heights', 220.0, 'Cat2', '2024-01-23');
INSERT INTO table1 (id, parent_id, name, value, category, date_col) VALUES (24, 3, 'Crawford-Roberts', 230.0, 'Cat3', '2024-01-24');
INSERT INTO table1 (id, parent_id, name, value, category, date_col) VALUES (25, 3, 'Duquesne Heights', 240.0, 'Cat4', '2024-01-25');
INSERT INTO table1 (id, parent_id, name, value, category, date_col) VALUES (26, 3, 'East Allegheny', 250.0, 'Cat0', '2024-01-26');
INSERT INTO table1 (id, parent_id, name, value, category, date_col) VALUES (27, 3, 'East Carnegie', 260.0, 'Cat1', '2024-01-27');
INSERT INTO table1 (id, parent_id, name, value, category, date_col) VALUES (28, 3, 'East Hills', 270.0, 'Cat2', '2024-01-28');
INSERT INTO table1 (id, parent_id, name, value, category, date_col) VALUES (29, 3, 'East Liberty', 280.0, 'Cat3', '2024-01-01');
INSERT INTO table1 (id, parent_id, name, value, category, date_col) VALUES (30, 3, 'Elliott', 290.0, 'Cat4', '2024-01-02');
INSERT INTO table1 (id, parent_id, name, value, category, date_col) VALUES (31, 4, 'Esplen', 300.0, 'Cat0', '2024-01-03');
INSERT INTO table1 (id, parent_id, name, value, category, date_col) VALUES (32, 4, 'Fairywood', 310.0, 'Cat1', '2024-01-04');
INSERT INTO table1 (id, parent_id, name, value, category, date_col) VALUES (33, 4, 'Fineview', 320.0, 'Cat2', '2024-01-05');
INSERT INTO table1 (id, parent_id, name, value, category, date_col) VALUES (34, 4, 'Friendship', 330.0, 'Cat3', '2024-01-06');
INSERT INTO table1 (id, parent_id, name, value, category, date_col) VALUES (35, 4, 'Garfield', 340.0, 'Cat4', '2024-01-07');
INSERT INTO table1 (id, parent_id, name, value, category, date_col) VALUES (36, 4, 'Glen Hazel', 350.0, 'Cat0', '2024-01-08');
INSERT INTO table1 (id, parent_id, name, value, category, date_col) VALUES (37, 4, 'Greenfield', 360.0, 'Cat1', '2024-01-09');
INSERT INTO table1 (id, parent_id, name, value, category, date_col) VALUES (38, 4, 'Hays', 370.0, 'Cat2', '2024-01-10');
INSERT INTO table1 (id, parent_id, name, value, category, date_col) VALUES (39, 4, 'Hazelwood', 380.0, 'Cat3', '2024-01-11');
INSERT INTO table1 (id, parent_id, name, value, category, date_col) VALUES (40, 4, 'Highland Park', 390.0, 'Cat4', '2024-01-12');
INSERT INTO table1 (id, parent_id, name, value, category, date_col) VALUES (41, 5, 'Homewood North', 400.0, 'Cat0', '2024-01-13');
INSERT INTO table1 (id, parent_id, name, value, category, date_col) VALUES (42, 5, 'Homewood South', 410.0, 'Cat1', '2024-01-14');
INSERT INTO table1 (id, parent_id, name, value, category, date_col) VALUES (43, 5, 'Homewood West', 420.0, 'Cat2', '2024-01-15');
INSERT INTO table1 (id, parent_id, name, value, category, date_col) VALUES (44, 5, 'Knoxville', 430.0, 'Cat3', '2024-01-16');
INSERT INTO table1 (id, parent_id, name, value, category, date_col) VALUES (45, 5, 'Larimer', 440.0, 'Cat4', '2024-01-17');
INSERT INTO table1 (id, parent_id, name, value, category, date_col) VALUES (46, 5, 'Lincoln Place', 450.0, 'Cat0', '2024-01-18');
INSERT INTO table1 (id, parent_id, name, value, category, date_col) VALUES (47, 5, 'Lincoln-Lemington-Belmar', 460.0, 'Cat1', '2024-01-19');
INSERT INTO table1 (id, parent_id, name, value, category, date_col) VALUES (48, 5, 'Lower Lawrenceville', 470.0, 'Cat2', '2024-01-20');
INSERT INTO table1 (id, parent_id, name, value, category, date_col) VALUES (49, 5, 'Manchester', 480.0, 'Cat3', '2024-01-21');
INSERT INTO table1 (id, parent_id, name, value, category, date_col) VALUES (50, 5, 'Marshall-Shadeland', 490.0, 'Cat4', '2024-01-22');
INSERT INTO table2 (id, table1_id, related_value, description, date_col) VALUES (1, 1, 10, 'Desc1', '2024-01-02');
INSERT INTO table2 (id, table1_id, related_value, description, date_col) VALUES (2, 2, 20, 'Desc2', '2024-01-03');
INSERT INTO table2 (id, table1_id, related_value, description, date_col) VALUES (3, 3, 30, 'Desc3', '2024-01-04');
INSERT INTO table2 (id, table1_id, related_value, description, date_col) VALUES (4, 4, 40, 'Desc4', '2024-01-05');
INSERT INTO table2 (id, table1_id, related_value, description, date_col) VALUES (5, 5, 50, 'Desc5', '2024-01-06');
INSERT INTO table2 (id, table1_id, related_value, description, date_col) VALUES (6, 6, 60, 'Desc6', '2024-01-07');
INSERT INTO table2 (id, table1_id, related_value, description, date_col) VALUES (7, 7, 70, 'Desc7', '2024-01-08');
INSERT INTO table2 (id, table1_id, related_value, description, date_col) VALUES (8, 8, 80, 'Desc8', '2024-01-09');
INSERT INTO table2 (id, table1_id, related_value, description, date_col) VALUES (9, 9, 90, 'Desc9', '2024-01-10');
INSERT INTO table2 (id, table1_id, related_value, description, date_col) VALUES (10, 10, 100, 'Desc10', '2024-01-11');
INSERT INTO table2 (id, table1_id, related_value, description, date_col) VALUES (11, 11, 110, 'Desc11', '2024-01-12');
INSERT INTO table2 (id, table1_id, related_value, description, date_col) VALUES (12, 12, 120, 'Desc12', '2024-01-13');
INSERT INTO table2 (id, table1_id, related_value, description, date_col) VALUES (13, 13, 130, 'Desc13', '2024-01-14');
INSERT INTO table2 (id, table1_id, related_value, description, date_col) VALUES (14, 14, 140, 'Desc14', '2024-01-15');
INSERT INTO table2 (id, table1_id, related_value, description, date_col) VALUES (15, 15, 150, 'Desc15', '2024-01-16');
INSERT INTO table2 (id, table1_id, related_value, description, date_col) VALUES (16, 16, 160, 'Desc16', '2024-01-17');
INSERT INTO table2 (id, table1_id, related_value, description, date_col) VALUES (17, 17, 170, 'Desc17', '2024-01-18');
INSERT INTO table2 (id, table1_id, related_value, description, date_col) VALUES (18, 18, 180, 'Desc18', '2024-01-19');
INSERT INTO table2 (id, table1_id, related_value, description, date_col) VALUES (19, 19, 190, 'Desc19', '2024-01-20');
INSERT INTO table2 (id, table1_id, related_value, description, date_col) VALUES (20, 20, 200, 'Desc20', '2024-01-21');
INSERT INTO table2 (id, table1_id, related_value, description, date_col) VALUES (21, 21, 210, 'Desc21', '2024-01-22');
INSERT INTO table2 (id, table1_id, related_value, description, date_col) VALUES (22, 22, 220, 'Desc22', '2024-01-23');
INSERT INTO table2 (id, table1_id, related_value, description, date_col) VALUES (23, 23, 230, 'Desc23', '2024-01-24');
INSERT INTO table2 (id, table1_id, related_value, description, date_col) VALUES (24, 24, 240, 'Desc24', '2024-01-25');
INSERT INTO table2 (id, table1_id, related_value, description, date_col) VALUES (25, 25, 250, 'Desc25', '2024-01-26');
INSERT INTO table2 (id, table1_id, related_value, description, date_col) VALUES (26, 26, 260, 'Desc26', '2024-01-27');
INSERT INTO table2 (id, table1_id, related_value, description, date_col) VALUES (27, 27, 270, 'Desc27', '2024-01-28');
INSERT INTO table2 (id, table1_id, related_value, description, date_col) VALUES (28, 28, 280, 'Desc28', '2024-01-01');
INSERT INTO table2 (id, table1_id, related_value, description, date_col) VALUES (29, 29, 290, 'Desc29', '2024-01-02');
INSERT INTO table2 (id, table1_id, related_value, description, date_col) VALUES (30, 30, 300, 'Desc30', '2024-01-03');
INSERT INTO table2 (id, table1_id, related_value, description, date_col) VALUES (31, 31, 310, 'Desc31', '2024-01-04');
INSERT INTO table2 (id, table1_id, related_value, description, date_col) VALUES (32, 32, 320, 'Desc32', '2024-01-05');
INSERT INTO table2 (id, table1_id, related_value, description, date_col) VALUES (33, 33, 330, 'Desc33', '2024-01-06');
INSERT INTO table2 (id, table1_id, related_value, description, date_col) VALUES (34, 34, 340, 'Desc34', '2024-01-07');
INSERT INTO table2 (id, table1_id, related_value, description, date_col) VALUES (35, 35, 350, 'Desc35', '2024-01-08');
INSERT INTO table2 (id, table1_id, related_value, description, date_col) VALUES (36, 36, 360, 'Desc36', '2024-01-09');
INSERT INTO table2 (id, table1_id, related_value, description, date_col) VALUES (37, 37, 370, 'Desc37', '2024-01-10');
INSERT INTO table2 (id, table1_id, related_value, description, date_col) VALUES (38, 38, 380, 'Desc38', '2024-01-11');
INSERT INTO table2 (id, table1_id, related_value, description, date_col) VALUES (39, 39, 390, 'Desc39', '2024-01-12');
INSERT INTO table2 (id, table1_id, related_value, description, date_col) VALUES (40, 40, 400, 'Desc40', '2024-01-13');
INSERT INTO table3 (id, table1_id, table2_id, metric_value, status) VALUES (1, 1, 1, 1.0, 'active');
INSERT INTO table3 (id, table1_id, table2_id, metric_value, status) VALUES (2, 2, 2, 2.0, 'active');
INSERT INTO table3 (id, table1_id, table2_id, metric_value, status) VALUES (3, 3, 3, 3.0, 'active');
INSERT INTO table3 (id, table1_id, table2_id, metric_value, status) VALUES (4, 4, 4, 4.0, 'active');
INSERT INTO table3 (id, table1_id, table2_id, metric_value, status) VALUES (5, 5, 5, 5.0, 'active');
INSERT INTO table3 (id, table1_id, table2_id, metric_value, status) VALUES (6, 6, 6, 6.0, 'active');
INSERT INTO table3 (id, table1_id, table2_id, metric_value, status) VALUES (7, 7, 7, 7.0, 'active');
INSERT INTO table3 (id, table1_id, table2_id, metric_value, status) VALUES (8, 8, 8, 8.0, 'active');
INSERT INTO table3 (id, table1_id, table2_id, metric_value, status) VALUES (9, 9, 9, 9.0, 'active');
INSERT INTO table3 (id, table1_id, table2_id, metric_value, status) VALUES (10, 10, 10, 10.0, 'active');
INSERT INTO table3 (id, table1_id, table2_id, metric_value, status) VALUES (11, 11, 11, 11.0, 'active');
INSERT INTO table3 (id, table1_id, table2_id, metric_value, status) VALUES (12, 12, 12, 12.0, 'active');
INSERT INTO table3 (id, table1_id, table2_id, metric_value, status) VALUES (13, 13, 13, 13.0, 'active');
INSERT INTO table3 (id, table1_id, table2_id, metric_value, status) VALUES (14, 14, 14, 14.0, 'active');
INSERT INTO table3 (id, table1_id, table2_id, metric_value, status) VALUES (15, 15, 15, 15.0, 'active');
INSERT INTO table3 (id, table1_id, table2_id, metric_value, status) VALUES (16, 16, 16, 16.0, 'active');
INSERT INTO table3 (id, table1_id, table2_id, metric_value, status) VALUES (17, 17, 17, 17.0, 'active');
INSERT INTO table3 (id, table1_id, table2_id, metric_value, status) VALUES (18, 18, 18, 18.0, 'active');
INSERT INTO table3 (id, table1_id, table2_id, metric_value, status) VALUES (19, 19, 19, 19.0, 'active');
INSERT INTO table3 (id, table1_id, table2_id, metric_value, status) VALUES (20, 20, 20, 20.0, 'active');
INSERT INTO table3 (id, table1_id, table2_id, metric_value, status) VALUES (21, 21, 21, 21.0, 'active');
INSERT INTO table3 (id, table1_id, table2_id, metric_value, status) VALUES (22, 22, 22, 22.0, 'active');
INSERT INTO table3 (id, table1_id, table2_id, metric_value, status) VALUES (23, 23, 23, 23.0, 'active');
INSERT INTO table3 (id, table1_id, table2_id, metric_value, status) VALUES (24, 24, 24, 24.0, 'active');
INSERT INTO table3 (id, table1_id, table2_id, metric_value, status) VALUES (25, 25, 25, 25.0, 'active');
INSERT INTO table3 (id, table1_id, table2_id, metric_value, status) VALUES (26, 26, 26, 26.0, 'active');
INSERT INTO table3 (id, table1_id, table2_id, metric_value, status) VALUES (27, 27, 27, 27.0, 'active');
INSERT INTO table3 (id, table1_id, table2_id, metric_value, status) VALUES (28, 28, 28, 28.0, 'active');
INSERT INTO table3 (id, table1_id, table2_id, metric_value, status) VALUES (29, 29, 29, 29.0, 'active');
INSERT INTO table3 (id, table1_id, table2_id, metric_value, status) VALUES (30, 30, 30, 30.0, 'active');